{"format_version":"1.8.0","animations":{
"animation.rpg.equip":{"loop":true,"bones":{"gunfpp":{"rotation":[-50,15,-15],"position":[-5,4,0]},"g_hand_l":{"rotation":[30,-50,15],"position":[8,-10,11]}}},
"animation.rpg.sprint":{"loop":"hold_on_last_frame","animation_length":7.8,"bones":{"gunfpp":{"rotation":{"0.4":[0,0,0],"0.6":[0.5,-49,20],"1.1":[13,-49,20],"1.6":[25.5,-49,20]},"position":{"0.4":[0,0,0],"0.6":[-0.69639,-2.57481,0.01145]}},"g_hand_l":{"rotation":{"0.4":[0,0,0],"0.6":[10,0,-10]},"position":{"0.4":[0,0,0],"0.6":[0,1,1]}}}},
"animation.rpg.ads_sights":{"loop":"hold_on_last_frame","animation_length":1.4,"bones":{"gunfpp":{"rotation":{"0.1":[0,0,5],"0.3":[-1,0,0]},"position":{"0.1":[0,-3,-5],"0.2":[1.75,-5.25,-8],"0.3":[3.5,-8.5,-6]},"scale":{"0.0":[1,1,1],"0.3":[3,3,2]}},"mzjqm":{"position":{"0.0":[0,0,0],"0.2":[0,0,1]}},"s4":{"scale":{"0.0":[1,1,1],"0.2":[1,1,0.5]}},"s3":{"scale":{"0.0":[1,1,1],"0.2":[1,1,0.8]}},"s5":{"scale":{"0.0":[1,1,1],"0.2":[1,1,0.6]}}}},
"animation.rpg.pos_scope2":{"loop":true,"bones":{"scope":{"position":[0,0,-1]}}},
"animation.rpg.idle":{"loop":true,"animation_length":16.4375,"bones":{"gunfpp":{"rotation":{"0.0":[0,0,0],"13.125":[0,0,0],"13.5":[0,0,0]},"position":{"0.0":[0,0,0],"0.25":[0,0,-1],"13.125":[0,0,-1],"13.5":[0,0,0]},"scale":{"0.0":[1,1,1],"13.125":[1,1,1],"13.5":[1,1,1]}},"mag":{"rotation":{"0.0":[0,0,0],"6.25":[0,0,0],"6.9375":[-15,0,0],"7.1875":[-24.65993,-3.21132,-12.08681],"7.625":[-17.15996,-3.21076,-12.08815],"8.3125":[-24.66,-3.21,-12.09],"8.8125":[0,0,0],"12.0":[0,0,0],"12.9375":[0,0,0]},"position":{"0.0":[0,0,0],"6.25":[0,0,0],"6.375":[-0.4,-1.2,-0.1],"6.4375":[-0.47,-1.27,-0.25],"6.5625":[-0.55,-2.15,-0.5],"6.625":[-0.37,-1.77,-0.8],"6.9375":[3,-1,1],"7.1875":[5,-1,3],"8.3125":[5,-1,3],"8.5625":[1.5,-1.5,0.5],"8.625":[0.13,-2.12,-0.62],"8.8125":[0,0,0],"12.0":[0,0,0],"12.9375":[0,0,0]},"scale":{"6.25":[1,1,1],"8.3125":[1,1,1],"8.8125":[1,1,1]}},"g_hand_l":{"rotation":{"0.0":[0,0,0],"5.9375":[0,0,0],"7.1875":[-18.48012,-31.77666,-41.84456],"8.0625":[-18.48012,-31.77666,-41.84456],"8.3125":[0,5,0],"8.8125":[0,5,0],"8.9375":[17.5,5,0],"9.8125":[0,5,0],"10.9375":[12.5,5,0],"11.375":[10,5,0],"12.0":[0,0,0],"12.9375":[0,0,0]},"position":{"0.0":[0,0,0],"5.9375":[0,0,0],"6.125":[-1.52953,-2.03965,3.53558],"6.5":[-0.67886,-3.72699,2.94882],"7.1875":[2.53962,-2.76441,6.0296],"8.0625":[2.53962,-2.76441,6.0296],"8.3125":[5,-2,8],"8.625":[-0.75,-4,6.13],"8.8125":[-1,-2,5],"8.9375":[-1,-2,4],"10.4375":[-1,-2.92,1.31],"10.5625":[-1,-3,0],"10.9375":[-2.04248,-1.25796,1.37059],"12.0":[0,0,0],"12.625":[-3.36564,0.14395,-0.8073],"12.9375":[0,0,0]},"scale":{"5.9375":[1,1,1],"8.3125":[1,1,1]}},"g_hand_r":{"rotation":{"0.0":[0,0,0],"4.3125":[0,0,0],"5.625":[0,0,0],"8.3125":[0,0,0],"9.8125":[-1.94351,1.56484,0.35446],"11.25":[-1.94,1.56,0.35],"12.4375":[-1.94,1.56,0.35],"12.9375":[0,0,0]},"position":{"0.0":[0,0,0],"4.3125":[0,0,0],"5.625":[0,0,0],"8.3125":[0,0,0],"9.8125":[-0.46323,-1.59598,-0.89099],"10.1875":[-0.19304,-1.41969,-0.91006],"10.8125":[-1.36115,-0.07361,-0.75166],"11.25":[1.99,1.99,0.01],"11.5625":[1.99,1.99,-2.99],"11.9375":[1.99,1.99,0.01],"12.4375":[1.99,1.99,0.01],"12.625":[-2.01,-0.01,0.01],"12.9375":[0,0,0]},"scale":{"4.3125":[1,1,1],"5.625":[1,1,1],"8.3125":[1,1,1],"11.25":[1,1,1],"12.4375":[1,1,1]}},"bone":{"rotation":{"0.0":[0,0,0],"5.9375":[0,0,0],"6.4375":[0,0,-17.5],"6.8125":[0.17925,-4.99998,-10.01562],"7.3125":[2.5,0,-10],"8.125":[2.49762,0.10901,-12.49762],"8.3125":[2.5,0,-10],"8.8125":[0,0,-10],"8.9375":[2.5,0,-10],"9.8125":[7.58013,0,-10],"10.125":[5,0,-10],"10.8125":[-0.65426,-4.95712,87.52832],"11.0":[1.84574,-4.95712,87.52832],"11.125":[-0.65426,-4.95712,87.52832],"11.375":[-0.65242,-2.45728,87.49976],"12.4375":[-0.65246,2.5424,87.44284],"12.9375":[0,0,0]},"position":{"0.0":[0,0,0],"5.9375":[0,0,0],"6.4375":[-1,0,0],"8.3125":[-1,0,0],"8.8125":[-1,0,0],"9.8125":[-1,0,0],"10.125":[-1,0,0],"10.8125":[1,-3,0],"12.4375":[0,0,0],"12.9375":[0,0,0]},"scale":{"5.9375":[1,1,1],"8.3125":[1,1,1],"9.8125":[1,1,1],"10.125":[1,1,1]}},"gun":{"rotation":{"0.0":[0,0,0],"12.0":[0,0,0]},"position":{"0.0":[0,0,0],"12.0":[0,0,0]}},"mag2":{"rotation":[0,0,0],"position":[0,0,0],"scale":1},"ljb":{"rotation":{"11.25":[0,0,0],"11.5":[0,0,0],"12.6875":[0,0,0]},"position":{"0.0":[0,0,0],"11.25":[0,0,0],"11.5":[0,0,0],"11.625":[0,0,0],"11.9375":[0,0,2.5],"12.4375":[0,0,2.5],"12.625":[0,0,0],"12.6875":[0,0,0],"12.9375":[0,0,0]},"scale":{"11.25":[1,1,1],"11.5":[1,1,1],"12.6875":[1,1,1]}}}},
"animation.rpg.fire":{"loop":true,"animation_length":15.0833,"bones":{"gunfpp":{"rotation":{"0.0":[0,0,0],"15.0833":[-90,0,0]}}}},
"animation.rpg.reloading":{"animation_length":3.875,"bones":{"g_hand_l":{"position":{"0.5":{"pre":[0,0,0],"post":[0,0,0],"lerp_mode":"catmullrom"},"0.9167":{"post":[23,-30.3,-1.3],"lerp_mode":"catmullrom"},"1.4583":{"post":[0,4,-27],"lerp_mode":"catmullrom"},"1.5417":{"post":[0,4,-27],"lerp_mode":"catmullrom"},"1.9583":{"post":[0,4,-15],"lerp_mode":"catmullrom"},"2.2083":{"post":[1,5,-24],"lerp_mode":"catmullrom"},"2.2917":{"post":[1,5,-24],"lerp_mode":"catmullrom"},"2.6667":{"post":[1,5,-16],"lerp_mode":"catmullrom"},"2.7083":{"post":[0,4,-15],"lerp_mode":"catmullrom"},"3.2083":[0,0,0]}},"pao":{"rotation":{"0.875":[0,0,0],"0.9167":[0,0,45],"1.5417":[0,0,45],"1.8333":[0,0,45],"1.9583":[0,0,0],"2.0417":[0,0,0]},"position":{"0.875":[0,0,0],"0.9167":[22,27,-100],"1.4583":[0,61,-126],"1.5417":[0,61,-126],"1.9583":[0,61,-115],"2.0417":[0,61,-115],"2.2083":[0,61,-115],"2.2917":[0,61,-115],"2.6667":[0,61,-107]}},"bone2":{"rotation":{"0.0":{"post":[0,0,0],"lerp_mode":"catmullrom"},"0.5":{"post":[8.61277,2.62145,16.80256],"lerp_mode":"catmullrom"},"0.9167":{"post":[-8.61277,2.62145,16.80256],"lerp_mode":"catmullrom"},"1.0":{"post":[-11.11277,2.62145,16.80256],"lerp_mode":"catmullrom"},"1.0417":{"post":[-8.61277,2.62145,16.80256],"lerp_mode":"catmullrom"},"1.125":{"post":[-8.80644,1.86385,11.85647],"lerp_mode":"catmullrom"},"1.4583":{"post":[-8.61277,2.62145,16.80256],"lerp_mode":"catmullrom"},"1.9583":{"post":[-8.61277,2.62145,16.80256],"lerp_mode":"catmullrom"},"2.0417":{"post":[-9.61277,2.62145,16.80256],"lerp_mode":"catmullrom"},"2.0833":{"post":[-8.61277,2.62145,16.80256],"lerp_mode":"catmullrom"},"2.6667":{"post":[-8.61277,2.62145,16.80256],"lerp_mode":"catmullrom"},"2.75":{"post":[-11.61277,2.62145,16.80256],"lerp_mode":"catmullrom"},"2.7917":{"post":[-8.61277,2.62145,16.80256],"lerp_mode":"catmullrom"},"3.2083":{"post":[0,0,0],"lerp_mode":"catmullrom"},"3.2917":{"post":[2.5,0,0],"lerp_mode":"catmullrom"},"3.3333":[0,0,0]},"position":{"0.0":{"post":[0,0,0],"lerp_mode":"catmullrom"},"0.5":{"post":[-0.5,-2.7,10.5],"lerp_mode":"catmullrom"},"0.9167":{"post":[-0.5,-2.7,10.5],"lerp_mode":"catmullrom"},"1.0":{"post":[-0.5,-2.7,11],"lerp_mode":"catmullrom"},"1.0417":{"post":[-0.5,-2.7,10.5],"lerp_mode":"catmullrom"},"1.125":{"post":[-0.5,-2.7,12.5],"lerp_mode":"catmullrom"},"1.4583":{"post":[-0.5,-2.7,10.5],"lerp_mode":"catmullrom"},"1.9583":{"post":[-0.5,-2.7,10.5],"lerp_mode":"catmullrom"},"2.0417":{"post":[-0.5,-2.7,11],"lerp_mode":"catmullrom"},"2.0833":{"post":[-0.5,-2.7,10.5],"lerp_mode":"catmullrom"},"2.6667":{"post":[-0.5,-2.7,10.5],"lerp_mode":"catmullrom"},"2.75":{"post":[-0.5,-2.7,11.5],"lerp_mode":"catmullrom"},"2.7917":{"post":[-0.5,-2.7,10.5],"lerp_mode":"catmullrom"},"3.2083":{"post":[0,0,0],"lerp_mode":"catmullrom"},"3.2917":{"post":[0,0,-1],"lerp_mode":"catmullrom"},"3.3333":[0,0,0]}}}}}}