{
	"format_version": "1.8.0",
	"animations": {
		"animation.aa12.equip": {
			"loop": true,
			"bones": {
				"gunfpp": {
					"rotation": [-50, 15, -15],
					"position": [-5, 4, 0]
				},
				"g_hand_l": {
					"rotation": [30, -50, 15],
					"position": [8, -10, 11]
				}
			}
		},
		"animation.aa12.sprint": {
			"loop": "hold_on_last_frame",
			"animation_length": 7.8,
			"bones": {
				"gunfpp": {
					"rotation": {
						"0.4": [0, 0, 0],
						"0.6": [0.5, -49, 20],
						"1.1": [13, -49, 20],
						"1.6": [25.5, -49, 20]
					},
					"position": {
						"0.4": [0, 0, 0],
						"0.6": [-0.69639, -2.57481, 0.01145]
					}
				},
				"g_hand_l": {
					"rotation": {
						"0.4": [0, 0, 0],
						"0.6": [10, 0, -10]
					},
					"position": {
						"0.4": [0, 0, 0],
						"0.6": [0, 1, 1]
					}
				}
			}
		},
		"animation.aa12.ads_sights": {
			"loop": "hold_on_last_frame",
			"animation_length": 1.4,
			"bones": {
				"gunfpp": {
					"rotation": {
						"0.1": [0, 0, 5],
						"0.3": [-1, 0, 0]
					},
					"position": {
						"0.1": [0, -3, -5],
						"0.2": [1.75, -5.25, -8],
						"0.3": [3.5, -8.5, -6]
					},
					"scale": {
						"0.0": [1, 1, 1],
						"0.3": [3, 3, 2]
					}
				},
				"mzjqm": {
					"position": {
						"0.0": [0, 0, 0],
						"0.2": [0, 0, 1]
					}
				},
				"s4": {
					"scale": {
						"0.0": [1, 1, 1],
						"0.2": [1, 1, 0.5]
					}
				},
				"s3": {
					"scale": {
						"0.0": [1, 1, 1],
						"0.2": [1, 1, 0.8]
					}
				},
				"s5": {
					"scale": {
						"0.0": [1, 1, 1],
						"0.2": [1, 1, 0.6]
					}
				}
			}
		},
		"animation.aa12.idle": {
			"loop": true,
			"animation_length": 16.4375,
			"bones": {
				"gunfpp": {
					"rotation": {
						"0.0": [0, 0, 0],
						"13.125": [0, 0, 0],
						"13.5": [0, 0, 0]
					},
					"position": {
						"0.0": [0, 0, 0],
						"0.25": [0, 0, -1],
						"13.125": [0, 0, -1],
						"13.5": [0, 0, 0]
					},
					"scale": {
						"0.0": [1, 1, 1],
						"13.125": [1, 1, 1],
						"13.5": [1, 1, 1]
					}
				},
				"mag": {
					"rotation": {
						"0.0": [0, 0, 0],
						"6.25": [0, 0, 0],
						"6.9375": [-15, 0, 0],
						"7.1875": [-24.65993, -3.21132, -12.08681],
						"7.625": [-17.15996, -3.21076, -12.08815],
						"8.3125": [-24.66, -3.21, -12.09],
						"8.8125": [0, 0, 0],
						"12.0": [0, 0, 0],
						"12.9375": [0, 0, 0]
					},
					"position": {
						"0.0": [0, 0, 0],
						"6.25": [0, 0, 0],
						"6.375": [-0.4, -1.2, -0.1],
						"6.4375": [-0.47, -1.27, -0.25],
						"6.5625": [-0.55, -2.15, -0.5],
						"6.625": [-0.37, -1.77, -0.8],
						"6.9375": [3, -1, 1],
						"7.1875": [5, -1, 3],
						"8.3125": [5, -1, 3],
						"8.5625": [1.5, -1.5, 0.5],
						"8.625": [0.13, -2.12, -0.62],
						"8.8125": [0, 0, 0],
						"12.0": [0, 0, 0],
						"12.9375": [0, 0, 0]
					},
					"scale": {
						"6.25": [1, 1, 1],
						"8.3125": [1, 1, 1],
						"8.8125": [1, 1, 1]
					}
				},
				"g_hand_l": {
					"rotation": {
						"0.0": [0, 0, 0],
						"5.9375": [0, 0, 0],
						"7.1875": [-18.48012, -31.77666, -41.84456],
						"8.0625": [-18.48012, -31.77666, -41.84456],
						"8.3125": [0, 5, 0],
						"8.8125": [0, 5, 0],
						"8.9375": [17.5, 5, 0],
						"9.8125": [0, 5, 0],
						"10.9375": [12.5, 5, 0],
						"11.375": [10, 5, 0],
						"12.0": [0, 0, 0],
						"12.9375": [0, 0, 0]
					},
					"position": {
						"0.0": [0, 0, 0],
						"5.9375": [0, 0, 0],
						"6.125": [-1.52953, -2.03965, 3.53558],
						"6.5": [-0.67886, -3.72699, 2.94882],
						"7.1875": [2.53962, -2.76441, 6.0296],
						"8.0625": [2.53962, -2.76441, 6.0296],
						"8.3125": [5, -2, 8],
						"8.625": [-0.75, -4, 6.13],
						"8.8125": [-1, -2, 5],
						"8.9375": [-1, -2, 4],
						"10.4375": [-1, -2.92, 1.31],
						"10.5625": [-1, -3, 0],
						"10.9375": [-2.04248, -1.25796, 1.37059],
						"12.0": [0, 0, 0],
						"12.625": [-3.36564, 0.14395, -0.8073],
						"12.9375": [0, 0, 0]
					},
					"scale": {
						"5.9375": [1, 1, 1],
						"8.3125": [1, 1, 1]
					}
				},
				"g_hand_r": {
					"rotation": {
						"0.0": [0, 0, 0],
						"4.3125": [0, 0, 0],
						"5.625": [0, 0, 0],
						"8.3125": [0, 0, 0],
						"9.8125": [-1.94351, 1.56484, 0.35446],
						"11.25": [-1.94, 1.56, 0.35],
						"12.4375": [-1.94, 1.56, 0.35],
						"12.9375": [0, 0, 0]
					},
					"position": {
						"0.0": [0, 0, 0],
						"4.3125": [0, 0, 0],
						"5.625": [0, 0, 0],
						"8.3125": [0, 0, 0],
						"9.8125": [-0.46323, -1.59598, -0.89099],
						"10.1875": [-0.19304, -1.41969, -0.91006],
						"10.8125": [-1.36115, -0.07361, -0.75166],
						"11.25": [1.99, 1.99, 0.01],
						"11.5625": [1.99, 1.99, -2.99],
						"11.9375": [1.99, 1.99, 0.01],
						"12.4375": [1.99, 1.99, 0.01],
						"12.625": [-2.01, -0.01, 0.01],
						"12.9375": [0, 0, 0]
					},
					"scale": {
						"4.3125": [1, 1, 1],
						"5.625": [1, 1, 1],
						"8.3125": [1, 1, 1],
						"11.25": [1, 1, 1],
						"12.4375": [1, 1, 1]
					}
				},
				"bone": {
					"rotation": {
						"0.0": [0, 0, 0],
						"5.9375": [0, 0, 0],
						"6.4375": [0, 0, -17.5],
						"6.8125": [0.17925, -4.99998, -10.01562],
						"7.3125": [2.5, 0, -10],
						"8.125": [2.49762, 0.10901, -12.49762],
						"8.3125": [2.5, 0, -10],
						"8.8125": [0, 0, -10],
						"8.9375": [2.5, 0, -10],
						"9.8125": [7.58013, 0, -10],
						"10.125": [5, 0, -10],
						"10.8125": [-0.65426, -4.95712, 87.52832],
						"11.0": [1.84574, -4.95712, 87.52832],
						"11.125": [-0.65426, -4.95712, 87.52832],
						"11.375": [-0.65242, -2.45728, 87.49976],
						"12.4375": [-0.65246, 2.5424, 87.44284],
						"12.9375": [0, 0, 0]
					},
					"position": {
						"0.0": [0, 0, 0],
						"5.9375": [0, 0, 0],
						"6.4375": [-1, 0, 0],
						"8.3125": [-1, 0, 0],
						"8.8125": [-1, 0, 0],
						"9.8125": [-1, 0, 0],
						"10.125": [-1, 0, 0],
						"10.8125": [1, -3, 0],
						"12.4375": [0, 0, 0],
						"12.9375": [0, 0, 0]
					},
					"scale": {
						"5.9375": [1, 1, 1],
						"8.3125": [1, 1, 1],
						"9.8125": [1, 1, 1],
						"10.125": [1, 1, 1]
					}
				},
				"gun": {
					"rotation": {
						"0.0": [0, 0, 0],
						"12.0": [0, 0, 0]
					},
					"position": {
						"0.0": [0, 0, 0],
						"12.0": [0, 0, 0]
					}
				},
				"mag2": {
					"rotation": [0, 0, 0],
					"position": [0, 0, 0],
					"scale": 1
				},
				"ljb": {
					"rotation": {
						"11.25": [0, 0, 0],
						"11.5": [0, 0, 0],
						"12.6875": [0, 0, 0]
					},
					"position": {
						"0.0": [0, 0, 0],
						"11.25": [0, 0, 0],
						"11.5": [0, 0, 0],
						"11.625": [0, 0, 0],
						"11.9375": [0, 0, 2.5],
						"12.4375": [0, 0, 2.5],
						"12.625": [0, 0, 0],
						"12.6875": [0, 0, 0],
						"12.9375": [0, 0, 0]
					},
					"scale": {
						"11.25": [1, 1, 1],
						"11.5": [1, 1, 1],
						"12.6875": [1, 1, 1]
					}
				}
			}
		},
		"animation.aa12.fire": {
			"loop": true,
			"animation_length": 15.0833,
			"bones": {
				"gunfpp": {
					"rotation": {
						"0.0": [0, 0, 0],
						"15.0833": [-90, 0, 0]
					}
				}
			}
		},
		"animation.aa12.reloading": {
			"animation_length": 4.0833,
			"bones": {
				"g_hand_l": {
					"rotation": {
						"0.0": [0, 0, 0],
						"0.1667": {
							"pre": [0, 0, 0],
							"post": [0, 0, 0],
							"lerp_mode": "catmullrom"
						},
						"0.375": {
							"post": [55.8443, 1.13148, 58.03752],
							"lerp_mode": "catmullrom"
						},
						"1.0417": [0, 0, 0],
						"1.625": [0, 0, 0],
						"1.7083": [0, 0, 0],
						"1.75": [-8, 0, 0],
						"2.4583": [24.7999, -40.76185, 5.30777],
						"2.625": [25.12711, -40.58625, 7.32673],
						"2.75": {
							"pre": [9.31869, -40.06351, 14.40806],
							"post": [9.31869, -40.06351, 14.40806],
							"lerp_mode": "catmullrom"
						},
						"2.9167": {
							"post": [25.31869, -40.06351, 14.40806],
							"lerp_mode": "catmullrom"
						},
						"3.1667": [20.94435, -39.45501, 23.53318],
						"3.7917": [0, 0, 0]
					},
					"position": {
						"0.0": [0, 0, 0],