{
	"format_version": "1.8.0",
	"animations": {
		"animation.ssb1.equip": {
			"animation_length": 0.375,
			"bones": {
				"gunfpp": {
					"rotation": {
						"0.0": [18, 0, 19],
						"0.25": [0, 0, 0],
						"0.2917": [2.99271, -0.20917, 3.99454],
						"0.3333": [0, 0, 0]
					},
					"position": {
						"0.0": [-3.5, -8.1, 9.8],
						"0.25": [0, 0, 0],
						"0.2917": [0.6, 0, -1],
						"0.3333": [0, 0, 0]
					}
				}
			}
		},
		"animation.ssb1.use": {
			"loop": "hold_on_last_frame",
			"animation_length": 8.25,
			"bones": {
				"gunfpp": {
					"rotation": {
						"0.0": [0, 0, 0],
						"1.0833": [0, 0, -7.5],
						"1.1667": [-5, 0, -7.5],
						"1.25": [7.5, 0, -7.5],
						"1.4167": [7.50238, 0.10901, -5.00238],
						"1.7083": [7.5, 0.11, -5],
						"2.0417": [0, 0.11, -5],
						"2.2917": [4.12683, -0.66088, -12.46042],
						"2.5": [7.5, 0.11, -5],
						"2.75": [7.49992, -0.10824, -9.99524],
						"2.9167": [7.58298, 0.64833, 7.48872],
						"3.125": [7.55851, 8.14161, 7.17012],
						"3.4167": [7.54233, 10.63772, 7.06174],
						"3.625": [7.45833, 18.1306, 6.72429],
						"3.75": [4.95833, 18.1306, 6.72429],
						"4.9583": [7.5, 0.11, -5],
						"5.3333": [7.49992, -0.10824, -9.99524],
						"5.5": [7.58298, 0.64833, 7.48872],
						"6.1667": [7.55851, 8.14161, 7.17012],
						"6.625": [7.54233, 10.63772, 7.06174],
						"7.9167": [0, 0, 0],
						"8.25": [0, 0, 0]
					},
					"position": {
						"0.0": [0, 0, 0],
						"1.7083": [0, 0, 0],
						"2.5": [0, 0, 0],
						"2.6667": [0, -1, 0],
						"3.0833": [0, -0.2, 0],
						"3.4167": [0, 2.8, 0],
						"4.9583": [0, 2, 0],
						"5.125": [0, 2, 0],
						"5.9583": [0, 3.8, 0],
						"6.625": [0, 3.8, 0],
						"7.3333": [0, 3.81, 0],
						"7.625": [0, 4.91, 0],
						"7.9167": [0, 2, 0],
						"8.25": [0, -23, 0]
					},
					"scale": {
						"0.0": [1, 1, 1],
						"1.7083": [1, 1, 1],
						"2.5": [1, 1, 1],
						"3.4167": [1, 1, 1],
						"4.9583": [1, 1, 1],
						"6.625": [1, 1, 1],
						"7.9167": [1, 1, 1],
						"8.25": [1, 1, 1]
					}
				},
				"g_hand_r": {
					"rotation": {
						"0.0": [0, 0, 0],
						"0.125": [0, 0, -35],
						"0.3333": [0, 0, -52.5],
						"0.9583": [0, 0, -27.5],
						"1.0833": [0, 0, -47.5],
						"1.1667": [0, 0, -67.5],
						"1.2917": [0, 0, -115],
						"1.5417": [0, 0, 0],
						"1.625": [0, -15, 0],
						"1.7083": [0, -22.5, 0],
						"1.75": [0, -12.5, 0],
						"1.8333": [0, -15, 0],
						"2.0833": [0, -15, 0],
						"2.1667": [0, -37.5, 0],
						"2.375": [0, -33.17, 0],
						"3.5": [0, -33.17, 0],
						"3.75": [0, -15, 0],
						"4.0": [0, -35, 0],
						"4.2083": [0, -27.5, 0],
						"4.2917": [0, -12.5, 0],
						"4.5833": [0, -2.5, 0],
						"4.75": [-0.43769, -7.46185, 10.04752],
						"5.125": [-0.4891, -27.46121, 10.21622],
						"5.5": [-0.38, -21.7, 7.86],
						"6.4167": [-0.38, -21.7, 7.86],
						"6.75": [0, -2.5, 0],
						"6.9583": [-0.32652, -2.4786, 7.50706],
						"7.125": [0.27767, -2.0473, -7.46679],
						"7.25": [0.29446, -19.54708, -7.55539],
						"7.5": [0.2775, 0.45267, -7.45468],
						"7.5417": [-17.2225, 0.45267, -7.45468],
						"7.9167": [0, 0, 0],
						"8.0417": [0, 0, 0]
					},
					"position": {
						"0.0": [0, 0, 0],
						"0.125": {
							"pre": [0, 2, 0],
							"post": [0, 2, 0],
							"lerp_mode": "catmullrom"
						},
						"0.3333": {
							"post": [1, 5, 0],
							"lerp_mode": "catmullrom"
						},
						"0.9583": {
							"post": [4.4235, 6.12598, 0],
							"lerp_mode": "catmullrom"
						},
						"1.0": {
							"post": [3.72248, 7.08052, 0],
							"lerp_mode": "catmullrom"
						},
						"1.0417": {
							"post": [1.72, 8.08, 0],
							"lerp_mode": "catmullrom"
						},
						"1.0833": {
							"post": [-1.28, 8.08, 0],
							"lerp_mode": "catmullrom"
						},
						"1.1667": {
							"post": [-1.28, 3.08, 0],
							"lerp_mode": "catmullrom"
						},
						"1.2917": {
							"post": [-1.28, -0.92, 0],
							"lerp_mode": "catmullrom"
						},
						"1.375": {
							"post": [-1.28, -5.92, 0],
							"lerp_mode": "catmullrom"
						},
						"1.5417": [0, 0, 0],
						"1.625": [0, 0, -3],
						"1.8333": [0, 0, -3],
						"1.9583": [-3, 0, -3],
						"2.0833": [-3, 0, -3],
						"2.375": [-3, 0, 13.33],
						"2.4583": [-3, 0, 18],
						"3.5": [-3, 0, 13.33],
						"3.75": [-3, 0, -3],
						"4.0": [-1.11238, 0.2876, -2.40488],
						"4.2083": [-1.73237, 0.45703, -0.50665],
						"4.2917": [-0.15356, 0.83111, 1.03179],
						"4.5833": [-2.98144, 0.39861, 0.13733],
						"5.125": [-2.98, 0.4, 14.14],
						"5.5": [-2.98, 0.4, 10.91],
						"6.4167": [-4.63101, 0.82166, 20.76375],
						"6.75": [-2.98144, 0.39861, 0.13733],
						"6.8333": [-2.73835, -1.58106, 0.27046],
						"7.125": [-2.96957, 0.302, 0.14606],
						"7.25": [0.41305, -9.5081, 3.41964],
						"7.4167": [4.00639, -6.68044, -0.88759],
						"7.5": [-1.35741, -3.37348, -2.0346],
						"7.5417": [-1.67214, -5.22462, 1.04619],
						"7.6667": [0.64726, 2.405, 5.23207],
						"7.7083": [3.57608, 2.80204, 5.76327],
						"7.875": [6.50608, 3.19204, 6.29327],
						"7.9167": [0, 0, 0],
						"8.0417": [0, 0, 0]
					},
					"scale": {
						"1.8333": [1, 1, 1],
						"2.0833": [1, 1, 1],
						"2.375": [1, 1, 1],
						"3.5": [1, 1, 1],
						"3.75": [1, 1, 1],
						"5.5": [1, 1, 1],
						"6.4167": [1, 1, 1]
					}
				},
				"g_hand_l": {
					"rotation": {
						"0.0": [0, 0, 0],
						"0.3333": {
							"pre": [-10.26078, 11.00072, 46.50931],
							"post": [-10.26078, 11.00072, 46.50931],
							"lerp_mode": "catmullrom"
						},
						"0.625": {
							"post": [-17.76078, 11.00072, 46.50931],
							"lerp_mode": "catmullrom"
						},
						"0.7083": {
							"post": [-20.14636, 5.27561, 29.79547],
							"lerp_mode": "catmullrom"
						},
						"1.0": {
							"post": [-20.77963, 0.89024, 18.07006],
							"lerp_mode": "catmullrom"
						},
						"1.5": {
							"post": [-20.96, 6.37, 15.66],
							"lerp_mode": "catmullrom"
						},
						"1.6667": {
							"post": [-22.11033, 19.53203, 10.67275],
							"lerp_mode": "catmullrom"
						},
						"1.7083": {
							"post": [-20.87994, 5.56382, 16.28977],
							"lerp_mode": "catmullrom"
						},
						"2.375": {
							"post": [-20.88, 5.56, 16.29],
							"lerp_mode": "catmullrom"
						},
						"7.9167": [0, 0, 0],
						"8.0417": [0, 0, 0]
					},
					"position": {
						"0.0": [0, 0, 0],
						"0.3333": {
							"pre": [2, 12, 0],
							"post": [2, 12, 0],
							"lerp_mode": "catmullrom"
						},
						"0.7083": {
							"post": [0.63684, 11.14902, -0.50735],
							"lerp_mode": "catmullrom"
						},
						"1.5": {
							"post": [-0.25, 11.14, -0.52],
							"lerp_mode": "catmullrom"
						},
						"1.6667": {
							"post": [-1.46, 11.15, -0.51],
							"lerp_mode": "catmullrom"
						},
						"1.7083": {
							"post": [-0.36, 11.15, -0.51],
							"lerp_mode": "catmullrom"
						},
						"2.375": {
							"post": [-0.36, 11.15, -0.51],
							"lerp_mode": "catmullrom"
						},
						"7.9167": [0, 0, 0],
						"8.0417": [0, 0, 0]
					},
					"scale": {
						"0.0": [1, 1, 1],
						"1.5": [1, 1, 1],
						"2.375": [1, 1, 1],
						"7.9167": [1, 1, 1],
						"8.0417": [1, 1, 1]
					}
				},
				"bone2": {
					"rotation": {
						"0.0": [0, 0, 0],
						"7.9167": [0, 0, 0],
						"8.0417": [0, 0, 0]
					},
					"position": {
						"0.0": [0, 0, 0],
						"7.9167": [0, 0, 0],
						"8.0417": [0, 0, 0]
					},
					"scale": {
						"0.0": [1, 1, 1],
						"7.9167": [1, 1, 1],
						"8.0417": [1, 1, 1]
					}
				},
				"bone5": {
					"rotation": {
						"0.0": [0, 0, 0],
						"7.9167": [0, 0, 0],
						"8.0417": [0, 0, 0]
					},
					"position": {
						"0.0": [0, 0, 0],
						"7.9167": [0, 0, 0],
						"8.0417": [0, 0, 0]
					},
					"scale": {
						"0.0": [1, 1, 1],
						"7.9167": [1, 1, 1],
						"8.0417": [1, 1, 1]
					}
				},
				"jiandao": {
					"rotation": {
						"0.0": [0, 0, 0],
						"4.2917": [0, 0, 0],