{
	"format_version": "1.8.0",
	"animations": {
		"animation.yb1.equip": {
			"animation_length": 0.375,
			"bones": {
				"gunfpp": {
					"rotation": {
						"0.0": [18, 0, 19],
						"0.25": [0, 0, 0],
						"0.2917": [2.99271, -0.20917, 3.99454],
						"0.3333": [0, 0, 0]
					},
					"position": {
						"0.0": [-3.5, -8.1, 9.8],
						"0.25": [0, 0, 0],
						"0.2917": [0.6, 0, -1],
						"0.3333": [0, 0, 0]
					}
				}
			}
		},
		"animation.yb1.use": {
			"loop": "hold_on_last_frame",
			"animation_length": 3.25,
			"bones": {
				"gunfpp": {
					"rotation": {
						"0.0": [0, 0, 0],
						"3.0": [0, 0, 0],
						"3.25": [0, 0, 0]
					},
					"position": {
						"0.0": [0, 0, 0],
						"3.0": [0, 0, 0],
						"3.25": [0, -16.83289, -1.91013]
					},
					"scale": {
						"0.0": [1, 1, 1],
						"3.0": [1, 1, 1],
						"3.25": [1, 1, 1]
					}
				},
				"g_hand_r": {
					"rotation": {
						"0.0": [0, 0, 0],
						"0.125": [0, 0, -35],
						"0.3333": [0, 0, -52.5],
						"0.5417": [0, 0, -54.17],
						"0.7083": [0, 0, -54.17],
						"0.9583": [0, 0, -115],
						"1.2083": [0, 0, -115],
						"1.4167": [0, 0, 7.5],
						"2.0": [-22.5, 0, 7.5],
						"2.1667": [-22.57734, 4.61854, 5.58243],
						"2.2917": [-17.57734, 4.61854, 5.58243],
						"2.375": [-16.55488, 7.56023, 15.19541],
						"2.5417": [-16.55488, 7.56023, 15.19541],
						"2.625": [-10.6584, 14.78365, 44.91018],
						"2.7083": [9.9861, 15.24026, 115.13619],
						"3.0": [9.99, 15.24, 115.14],
						"3.125": [-5.23619, 14.0761, -20.6469],
						"3.25": [0, 0, 0]
					},
					"position": {
						"0.0": [0, 0, 0],
						"0.125": {
							"pre": [0, 2, 0],
							"post": [0, 2, 0],
							"lerp_mode": "catmullrom"
						},
						"0.3333": {
							"post": [1, 5, 0],
							"lerp_mode": "catmullrom"
						},
						"0.5417": {
							"post": [6, 8, 0],
							"lerp_mode": "catmullrom"
						},
						"0.625": {
							"post": [5.14386, 8.05462, 0],
							"lerp_mode": "catmullrom"
						},
						"0.7083": {
							"post": [6, 8, 0],
							"lerp_mode": "catmullrom"
						},
						"0.7917": {
							"post": [2.99475, 8.34152, 0],
							"lerp_mode": "catmullrom"
						},
						"0.9583": {
							"post": [-2, 5, 0],
							"lerp_mode": "catmullrom"
						},
						"1.2083": {
							"post": [-2, 5, 0],
							"lerp_mode": "catmullrom"
						},
						"1.3333": {
							"post": [0.80209, 3.67476, 1.25],
							"lerp_mode": "catmullrom"
						},
						"1.375": {
							"post": [3.01, 4.25, 4.7],
							"lerp_mode": "catmullrom"
						},
						"1.4167": {
							"post": [5, 5, 2],
							"lerp_mode": "catmullrom"
						},
						"1.4583": {
							"post": [6, 5, 2],
							"lerp_mode": "catmullrom"
						},
						"2.0": {
							"post": [6, 4, 2],
							"lerp_mode": "catmullrom"
						},
						"2.25": {
							"post": [1, 4, 2],
							"lerp_mode": "catmullrom"
						},
						"2.3333": {
							"post": [1.58474, 5.08276, 1.69062],
							"lerp_mode": "catmullrom"
						},
						"2.625": {
							"post": [1.90914, 2.92381, 8.3415],
							"lerp_mode": "catmullrom"
						},
						"2.7083": {
							"post": [-0.99896, 0.26929, 7.62468],
							"lerp_mode": "catmullrom"
						},
						"2.9167": {
							"post": [2.64379, -1.23828, 6.95076],
							"lerp_mode": "catmullrom"
						},
						"3.0": {
							"post": [2.64, -1.24, 6.95],
							"lerp_mode": "catmullrom"
						},
						"3.125": [0, 0, 0],
						"3.25": [0, 0, 0]
					},
					"scale": {
						"1.2083": [1, 1, 1],
						"3.0": [1, 1, 1]
					}
				},
				"g_hand_l": {
					"rotation": {
						"0.0": [0, 0, 0],
						"0.3333": {
							"pre": [-10.26078, 11.00072, 46.50931],
							"post": [-10.26078, 11.00072, 46.50931],
							"lerp_mode": "catmullrom"
						},
						"2.75": {
							"post": [-8.73739, 12.2403, 54.06134],
							"lerp_mode": "catmullrom"
						},
						"2.8333": {
							"post": [-8.95, 12.79, 56.62],
							"lerp_mode": "catmullrom"
						},
						"3.0": {
							"post": [-8.74, 12.24, 54.06],
							"lerp_mode": "catmullrom"
						},
						"3.25": [0, 0, 0]
					},
					"position": {
						"0.0": [0, 0, 0],
						"0.3333": {
							"pre": [2, 12, 0],
							"post": [2, 12, 0],
							"lerp_mode": "catmullrom"
						},
						"2.75": {
							"post": [2.81915, 12.55403, 0.14845],
							"lerp_mode": "catmullrom"
						},
						"2.8333": {
							"post": [2.98, 13.06, 0.17],
							"lerp_mode": "catmullrom"
						},
						"2.875": {
							"post": [3.02, 14.29, 0.17],
							"lerp_mode": "catmullrom"
						},
						"3.0": {
							"post": [2.82, 12.55, 0.15],
							"lerp_mode": "catmullrom"
						},
						"3.25": [0, 0, 0]
					},
					"scale": {
						"0.0": [1, 1, 1],
						"2.8333": [1, 1, 1]
					}
				},
				"bone": {
					"rotation": {
						"0.0": [0, 0, 0],
						"0.75": [0, 0, 0],
						"0.9583": [0, 0, -95],
						"1.0": [0, 0, -97.5],
						"1.0417": [0, 0, -92.5],
						"1.1667": [0, 0, -95],
						"1.2083": [0, 0, -90],
						"1.2917": [0, 0, -82.5],
						"1.375": [0, 0, -82.5],
						"1.5417": [0, 0, -140],
						"1.625": [0, 0, -154.21],
						"1.7083": [0, 0, -147.36],
						"3.0": [0, 0, -147.36],
						"3.25": [0, 0, 0]
					},
					"position": {
						"0.0": [0, 0, 0],
						"0.5417": [0, 0, 0],
						"1.1667": [0.08716, -0.99619, 0],
						"1.375": [-0.13053, -0.99144, 0],
						"3.0": [0.30272, -1.38143, 0],
						"3.25": [0, 0, 0]
					},
					"scale": {
						"0.0": [1, 1, 1],
						"0.5417": [1, 1, 1],
						"1.375": [1, 1, 1],
						"3.0": [1, 1, 1],
						"3.25": [1, 1, 1]
					}
				},
				"bone2": {
					"rotation": {
						"0.0": [0, 0, 0],
						"3.0": [0, 0, 0],
						"3.25": [0, 0, 0]
					},
					"position": {
						"0.0": [0, 0, 0],
						"3.0": [0, 0, 0],
						"3.25": [0, 0, 0]
					},
					"scale": {
						"0.0": [1, 1, 1],
						"3.0": [1, 1, 1],
						"3.25": [1, 1, 1]
					}
				},
				"bone5": {
					"rotation": {
						"0.0": [0, 0, 0],
						"1.4583": [0, 0, 0],
						"2.0": [0, 0, 0],
						"2.375": [0, 0, 5.5],
						"2.4583": [0, 0, 10.5],
						"3.0": [0, 0, 10.5],
						"3.25": [0, 0, 0]
					},
					"position": {
						"0.0": [0, 0, 0],
						"1.4583": [0, 0, 0],
						"2.0": [0, 0, 0],
						"2.25": [2, 5, 0],
						"3.0": [2, 5, 0],
						"3.25": [0, 0, 0]
					},
					"scale": {
						"0.0": [1, 1, 1],
						"1.4583": [1, 1, 1],
						"2.0": [1, 1, 1],
						"3.0": [1, 1, 1],
						"3.25": [1, 1, 1]
					}
				},
				"bone6": {
					"rotation": {
						"0.0": [0, 0, 0],
						"2.3333": [0, 0, 0],
						"2.6667": [0, 17.5, 70],
						"3.0": [0, 17.5, 70],
						"3.0417": [-8.28342, 15.46973, 41.37298],
						"3.0833": [-17.34813, -4.55903, -34.33947],
						"3.1667": [-17.20163, -10.51514, -79.36223],
						"3.25": [0, 0, 0]
					},
					"position": {
						"0.0": [0, 0, 0],
						"2.3333": [0, 0, 0],
						"2.4583": [1.5, -0.75, 6.25],
						"2.5417": [1.5, -0.75, 6.25],
						"2.6667": [-2.81779, -5.30606, 5.09257],
						"2.875": [-1.51524, -8.8948, 3.88718],
						"3.0": [-1.52, -8.89, 3.89],
						"3.0417": [-0.23487, -4.74719, 4.97886],
						"3.0833": [0.36581, 2.90081, 6.82649],
						"3.125": [-0.83608, 6.53453, 5.81905],
						"3.1667": [-1.85212, 14.47708, 9.71314],
						"3.25": [0, 0, 0]
					},
					"scale": {
						"0.0": [1, 1, 1],
						"2.3333": [1, 1, 1],
						"3.0": [1, 1, 1],
						"3.25": [1, 1, 1]
					}
				},
				"bone7": {
					"rotation": {
						"0.0": [0, 0, 0],
						"1.4167": [0, 0, 0],
						"2.2917": {
							"pre": [0, 0, 0],
							"post": [0, 0, 0],
							"lerp_mode": "catmullrom"
						},
						"2.3333": {
							"post": [0, 0, 32.5],
							"lerp_mode": "catmullrom"
						},
						"2.375": {
							"post": [0, 0, 40],
							"lerp_mode": "catmullrom"
						},
						"2.4167": {
							"post": [0, 0, 142.5],
							"lerp_mode": "catmullrom"
						},
						"2.4583": {
							"post": [0, 0, 160],
							"lerp_mode": "catmullrom"
						},
						"3.0": {
							"post": [0, 0, 160],
							"lerp_mode": "catmullrom"
						},