{
	"format_version": "1.8.0",
	"animations": {
		"animation.yb2.equip": {
			"animation_length": 0.375,
			"bones": {
				"gunfpp": {
					"rotation": {
						"0.0": [18, 0, 19],
						"0.25": [0, 0, 0],
						"0.2917": [2.99271, -0.20917, 3.99454],
						"0.3333": [0, 0, 0]
					},
					"position": {
						"0.0": [-3.5, -8.1, 9.8],
						"0.25": [0, 0, 0],
						"0.2917": [0.6, 0, -1],
						"0.3333": [0, 0, 0]
					}
				}
			}
		},
		"animation.yb2.use": {
			"loop": "hold_on_last_frame",
			"animation_length": 5.2083,
			"bones": {
				"gunfpp": {
					"rotation": {
						"0.0": [0, 0, 0],
						"0.8333": [0, 0, 0],
						"1.0417": [0, 0, -7.5],
						"1.125": [-2.5, 0, -7.5],
						"1.4583": [-2.39638, -1.61888, -14.82417],
						"1.5417": [-17.5, 0, -7.5],
						"1.9167": [-15, 0, -7.5],
						"2.0417": [0, 0, 0],
						"4.7917": [0, 0, 0],
						"5.0": [0, 0, 0]
					},
					"position": {
						"0.0": [0, 0, 0],
						"0.75": [0, -1.1, 0],
						"0.8333": [0, -1.1, 0],
						"2.0417": [0, -1.1, 0],
						"4.7917": [0, -1.1, 0],
						"5.0": [0, 0, 0],
						"5.2083": [0, -25.605, -4.51485]
					},
					"scale": {
						"0.0": [1, 1, 1],
						"0.8333": [1, 1, 1],
						"2.0417": [1, 1, 1],
						"4.7917": [1, 1, 1],
						"5.0": [1, 1, 1]
					}
				},
				"g_hand_r": {
					"rotation": {
						"0.0": [0, 0, 0],
						"0.125": [0, 0, -35],
						"0.3333": [0, 0, -52.5],
						"0.75": [0, 0, -30],
						"1.375": [0, 0, -30],
						"1.5": [0, -10, -30],
						"1.6667": [0, -20, -30],
						"2.0": [0, -20, -30],
						"2.1667": [-30, -20, -30],
						"2.3333": [-30, -20, -30],
						"2.4167": [-25.30011, -25.82388, -42.01908],
						"2.6667": [-25.3, -25.82, -42.02],
						"3.0417": [-25.3, -25.82, -42.02],
						"3.4167": [-25.3, -25.82, -42.02],
						"4.0": [-25.3, -25.82, -42.02],
						"4.0417": [-70.3, -25.82, -42.02],
						"4.7917": [-70.3, -25.82, -42.02],
						"5.0": [0, 0, 0]
					},
					"position": {
						"0.0": [0, 0, 0],
						"0.125": {
							"pre": [0, 2, 0],
							"post": [0, 2, 0],
							"lerp_mode": "catmullrom"
						},
						"0.3333": {
							"post": [1, 5, 0],
							"lerp_mode": "catmullrom"
						},
						"0.6667": {
							"post": [1, 7, 0],
							"lerp_mode": "catmullrom"
						},
						"0.75": {
							"post": [7, 7.7, 0],
							"lerp_mode": "catmullrom"
						},
						"0.875": {
							"post": [3, 6.7, 0],
							"lerp_mode": "catmullrom"
						},
						"1.0": {
							"post": [1.2, 6, 0],
							"lerp_mode": "catmullrom"
						},
						"1.1667": {
							"post": [1.95, 3, 0],
							"lerp_mode": "catmullrom"
						},
						"1.2917": {
							"post": [1.95, 3, 0],
							"lerp_mode": "catmullrom"
						},
						"1.375": {
							"post": [1.95, 6, 0],
							"lerp_mode": "catmullrom"
						},
						"1.5": {
							"post": [1.95, 7, 1],
							"lerp_mode": "catmullrom"
						},
						"1.6667": {
							"post": [2.95, 3, 0],
							"lerp_mode": "catmullrom"
						},
						"2.0": {
							"post": [2.95, 3, 0],
							"lerp_mode": "catmullrom"
						},
						"2.1667": {
							"post": [-1.05, 4, 3],
							"lerp_mode": "catmullrom"
						},
						"2.3333": {
							"post": [-1.05, 4, 3],
							"lerp_mode": "catmullrom"
						},
						"2.5": {
							"post": [-0.05, 4, 3],
							"lerp_mode": "catmullrom"
						},
						"2.6667": {
							"post": [-0.05, 4, 3],
							"lerp_mode": "catmullrom"
						},
						"3.0417": {
							"post": [-0.05, 4, 3],
							"lerp_mode": "catmullrom"
						},
						"3.0833": {
							"post": [0.94126, 2.23744, 2.68445],
							"lerp_mode": "catmullrom"
						},
						"3.1667": {
							"post": [5.29126, -1.42256, 2.76445],
							"lerp_mode": "catmullrom"
						},
						"3.25": {
							"post": [10.84548, -3.66237, 3.75944],
							"lerp_mode": "catmullrom"
						},
						"3.4167": {
							"post": [10.85, -3.66, 3.76],
							"lerp_mode": "catmullrom"
						},
						"4.0": {
							"post": [10.85, -3.66, 3.76],
							"lerp_mode": "catmullrom"
						},
						"4.0417": {
							"post": [-1.52866, -5.85266, -4.04775],
							"lerp_mode": "catmullrom"
						},
						"4.7917": {
							"post": [-1.53, -5.85, -4.05],
							"lerp_mode": "catmullrom"
						},
						"5.0": [0, 0, 0]
					},
					"scale": {
						"0.0": [1, 1, 1],
						"1.375": [1, 1, 1],
						"2.0": [1, 1, 1],
						"2.3333": [1, 1, 1],
						"2.6667": [1, 1, 1],
						"3.0417": [1, 1, 1],
						"3.4167": [1, 1, 1],
						"4.0": [1, 1, 1],
						"4.7917": [1, 1, 1],
						"5.0": [1, 1, 1]
					}
				},
				"g_hand_l": {
					"rotation": {
						"0.0": [0, 0, 0],
						"0.3333": {
							"pre": [-10.26078, 11.00072, 46.50931],
							"post": [-10.26078, 11.00072, 46.50931],
							"lerp_mode": "catmullrom"
						},
						"0.5": {
							"post": [-10.97412, 23.2886, 44.10367],
							"lerp_mode": "catmullrom"
						},
						"0.5417": {
							"post": [-12.01619, 22.79029, 41.44144],
							"lerp_mode": "catmullrom"
						},
						"4.7917": {
							"post": [-12.02, 22.79, 41.44],
							"lerp_mode": "catmullrom"
						},
						"5.0": [0, 0, 0]
					},
					"position": {
						"0.0": [0, 0, 0],
						"0.3333": {
							"pre": [2, 12, 0],
							"post": [2, 12, 0],
							"lerp_mode": "catmullrom"
						},
						"0.5417": {
							"post": [2, 10, 0],
							"lerp_mode": "catmullrom"
						},
						"2.6667": {
							"post": [1.4151, 11.62729, -3.60691],
							"lerp_mode": "catmullrom"
						},
						"3.3333": {
							"post": [1.4151, 11.62729, -3.60691],
							"lerp_mode": "catmullrom"
						},
						"4.4583": {
							"post": [1.4151, 11.62729, -3.60691],
							"lerp_mode": "catmullrom"
						},
						"4.75": {
							"post": [1.4151, 11.62729, -3.60691],
							"lerp_mode": "catmullrom"
						},
						"4.7917": {
							"post": [1.42, 11.63, -3.61],
							"lerp_mode": "catmullrom"
						},
						"5.0": [0, 0, 0]
					},
					"scale": {
						"0.0": [1, 1, 1],
						"4.7917": [1, 1, 1],
						"5.0": [1, 1, 1]
					}
				},
				"bone": {
					"rotation": [0, 0, 0],
					"position": [0, 0, 0],
					"scale": 1
				},
				"bone2": {
					"rotation": [0, 0, 0],
					"position": [0, 0, 0],
					"scale": 1
				},
				"bone5": {
					"rotation": [0, 0, 0],
					"position": [0, 0, 0],
					"scale": 1
				},
				"bone6": {
					"rotation": {
						"0.0": [0, 0, 0],
						"4.7917": [0, 0, 0],
						"5.0": [0, 0, 0]
					},
					"position": {
						"0.0": [0, 0, 0],
						"4.7917": [0, 0, 0],
						"5.0": [0, 0, 0]
					},
					"scale": {
						"0.0": [1, 1, 1],
						"4.7917": [1, 1, 1],
						"5.0": [1, 1, 1]
					}
				},
				"bone7": {
					"rotation": {
						"0.0": [0, 0, 0],
						"2.4167": [0, 0, 0],
						"2.5": {
							"pre": [0, 0, 7.98],
							"post": [0, 0, 7.98],
							"lerp_mode": "catmullrom"
						},
						"2.625": {
							"post": [0, 0, 26.64],
							"lerp_mode": "catmullrom"
						},
						"2.75": {
							"post": [0, 0, 61.06],
							"lerp_mode": "catmullrom"
						},
						"2.875": {
							"post": [0, 0, 127.58],
							"lerp_mode": "catmullrom"
						},
						"4.7917": [0, 0, -200],
						"5.0": [0, 0, 0]
					},
					"position": {
						"0.0": [0, 0, 0],
						"2.4167": [0, 0, 0],
						"2.5": {
							"pre": [4.57756, 0.45521, 0],
							"post": [4.57756, 0.45521, 0],
							"lerp_mode": "catmullrom"
						},
						"2.5833": {
							"post": [45.33414, -7.75869, 0],
							"lerp_mode": "catmullrom"
						},
						"2.625": {
							"post": [8.44021, -0.44791, 0],
							"lerp_mode": "catmullrom"
						},
						"3.0": {
							"post": [-30.09327, -59.38125, 0],
							"lerp_mode": "catmullrom"
						},
						"4.7917": [-67.58, -11.41, 0],
						"5.0": [0, 0, 0]
					},
					"scale": {
						"0.0": [1, 1, 1],
						"2.4167": [1, 1, 1],
						"4.7917": [1, 1, 1],
						"5.0": [1, 1, 1]
					}
				},
				"bone3": {
					"rotation": [0, 0, 0],
					"position": [0, 0, 0],
					"scale": 1
				},
				"kit": {
					"rotation": {
						"0.0": [0, 0, 0],
						"0.3333": {
							"pre": [-5, 0, 0],