{
	"format_version": "1.8.0",
	"animations": {
		"animation.ate_sheilr.attack": {
			"loop": "hold_on_last_frame",
			"animation_length": 1,
			"bones": {
				"arm": {
					"rotation": {
						"0.0": [0, 0, 0],
						"0.2": [-70, 0, 0]
					}
				},
				"rightarm": {
					"rotation": {
						"0.0": [0, 0, 0],
						"0.2": [12.56918, 17.49759, -400.29967]
					}
				},
				"leftarm": {
					"rotation": {
						"0.0": [0, 0, 0],
						"0.2": [-5, 0, 97.5]
					}
				},
				"gunfpp2": {
					"rotation": {
						"0.0": [0, 0, 0],
						"0.2": [358.51289, 453.20955, -363.10646]
					},
					"position": {
						"0.0": [0, 0, 0],
						"0.2": [3.95184, 5.53198, -5.43351]
					}
				}
			}
		},
		"animation.ate_sheilr.idle": {
			"loop": true,
			"animation_length": 8,
			"bones": {
				"Right_ear": {
					"rotation": {
						"0.5": [0, 0, 0],
						"0.625": [0, -20, 0],
						"0.75": [0, 0, 0],
						"0.875": [0, -20, 0],
						"1.0": [0, 0, 0],
						"4.375": [0, 0, 0],
						"4.5": [0, -20, 0],
						"4.625": [0, 0, 0],
						"4.75": [0, -20, 0],
						"4.875": [0, 0, 0]
					}
				},
				"Left_ear": {
					"rotation": {
						"0.5": [0, 0, 0],
						"0.625": [0, 20, 0],
						"0.75": [0, 0, 0],
						"0.875": [0, 20, 0],
						"1.0": [0, 0, 0],
						"4.375": [0, 0, 0],
						"4.5": [0, 20, 0],
						"4.625": [0, 0, 0],
						"4.75": [0, 20, 0],
						"4.875": [0, 0, 0]
					}
				},
				"Head": {
					"rotation": {
						"0.0": [0, 0, 0],
						"0.25": [0, 0, 10],
						"0.75": [0, 0, 10],
						"1.0": [0, 0, 0]
					}
				},
				"EyeBrow": {
					"position": {
						"0.0": [0, 0, 0],
						"0.0625": [0, -1, 0],
						"0.1875": [0, 0, 0]
					}
				},
				"RightEyebrow": {
					"rotation": [0, 0, 0],
					"position": [0, 0, 0],
					"scale": 1
				},
				"RightEyelid": {
					"position": {
						"0.0": [0, 0, 0],
						"0.0625": [0, 0.55, 0],
						"0.1875": [0, 0, 0]
					},
					"scale": {
						"0.0": [1, 1, 1],
						"0.0625": [1, 0.1, 1],
						"0.1875": [1, 1, 1]
					}
				},
				"LeftEyelid": {
					"position": {
						"0.0": [0, 0, 0],
						"0.0625": [0, 0.5, 0],
						"0.1875": [0, 0, 0]
					},
					"scale": {
						"0.0": [1, 1, 1],
						"0.0625": [1, 0.1, 1],
						"0.1875": [1, 1, 1]
					}
				},
				"ysmGlowLeftEyelidBase": {
					"rotation": [0, 0, 0],
					"position": [0, 0, 0],
					"scale": 1
				}
			}
		},
		"animation.ate_sheilr.riding_pose": {
			"loop": "hold_on_last_frame",
			"animation_length": 15.2,
			"bones": {
				"rightleg": {
					"rotation": [-180.17151, -23.31786, 195.19086],
					"position": [-1.8, -1.4, 0.4]
				},
				"leftleg": {
					"rotation": [339.12442, 71.3251, -28.90957],
					"position": [0.5, -2.3, 0.3]
				},
				"head": {
					"rotation": [-25.01338, -1.81255, 0.84552],
					"position": [0, 1.3, -1],
					"scale": 1
				},
				"LeftArm2": {
					"rotation": [35.35352, -26.75554, 6.47641]
				},
				"body": {
					"rotation": [-15.43163, -1.2858, -2.2884],
					"position": [0, 0.9, 0]
				},
				"RightArm2": {
					"rotation": [31.49865, 11.57187, -34.81042]
				},
				"st1": {
					"rotation": [-7.86962, -7.54117, -5.63866],
					"position": [-13, -36, 0],
					"scale": -999
				},
				"ST2": {
					"position": [-7, -30, 0],
					"scale": -999
				},
				"LeftSideHair": {
					"rotation": [-5, 0, 0]
				},
				"RightSideHair": {
					"rotation": [-7.5, 0, 0]
				},
				"bodtst": {
					"rotation": [5, 0, 0],
					"position": [0, -2, 3]
				},
				"bone12": {
					"rotation": [7.5, 0, 0],
					"position": [0, 1.9, 0]
				},
				"hat3": {
					"position": [0, -37, 0],
					"scale": 0
				},
				"bone20": {
					"rotation": [5, 0, 0]
				},
				"bone27": {
					"rotation": [0, 0, 7.5],
					"position": [0, -2, 0]
				},
				"nr": {
					"rotation": [2.5, 0, 0],
					"position": [0, -2, 0]
				},
				"hm": {
					"rotation": [35, 0, 0]
				},
				"rightsmallleg": {
					"rotation": [-124.83424, -39.44794, 28.57726],
					"position": [0.4, 6.3, 3]
				},
				"tail": {
					"rotation": [15, 0, 0],
					"position": [0, 1.8, 2.1]
				},
				"gun": {
					"rotation": [143.00873, 28.28742, 146.58758],
					"position": [0.5, 0.3, 0.4]
				},
				"leftram": {
					"rotation": [63, 0, 0]
				},
				"bone134": {
					"position": [-0.1, -1.4, 4.8]
				},
				"bow": {
					"scale": [1, 0, 0]
				},
				"skq": {
					"rotation": [-177.5, 0, 0],
					"position": [0, 0, -0.7]
				},
				"gunfpp": {
					"position": [8.9, -1, -3],
					"scale": [0.5, 0, 0]
				},
				"bone118": {
					"scale": [1, 1, 0]
				},
				"x2": {
					"scale": 0
				},
				"qunzi": {
					"position": [21, 0, 0],
					"scale": [0, 0, 1]
				},
				"bb_main": {
					"rotation": [12.5, 0, 0],
					"position": [-4.1, -15.85, 14.35]
				},
				"bone66": {
					"rotation": [47.91168, 118.81422, -71.75436]
				},
				"LSA": {
					"rotation": [16.77966, 19.59358, 116.63904],
					"position": [-0.6, 1, 0.1]
				},
				"CDYF": {
					"rotation": [15, 0, 0],
					"position": [0, 0.9, 1.1]
				},
				"upbody": {
					"rotation": [12.5, 0, 0],
					"position": [0, 0, 1.3]
				},
				"x3": {
					"position": [0, 0.6, -0.4]
				},
				"skirt": {
					"rotation": [22.5, 0, 0],
					"position": [-0.1, 2, 2.9]
				},
				"leftsmallleg": {
					"rotation": [-221.86895, -2.17212, -56.62999],
					"position": [2.6, 3.4, 2.8]
				},
				"leftlagerleg": {
					"rotation": [-19.88964, 3.14419, -51.10679],
					"position": [-1.6, 3.8, -0.4]
				},
				"rightlagerleg": {
					"rotation": [57.13111, 5.82899, 0.00194],
					"position": [0.5, 3.1, -2.4]
				},
				"bone113": {
					"scale": 1
				},
				"bone34": {
					"rotation": [-16.61711, 13.36561, 7.49003],
					"position": [0, 0, -0.8]
				},
				"bone133": {
					"position": [0, 0, -12],
					"scale": [0, 1, 0]
				},
				"bone132": {
					"position": [21, 0, 0],
					"scale": [0, 1, 0]
				},
				"bone136": {
					"position": [16, 0, 0],
					"scale": [1, 0, 0]
				},
				"bone131": {
					"position": [0, 0, 0]
				},
				"bone147": {
					"position": [0, 2.3, 3.6]
				},
				"bone148": {
					"rotation": [47.34941, 0.85481, -19.98247],
					"position": [0, 0.4, 0]
				},
				"arm": {
					"position": [0, 2.3, -1.5]
				},
				"RLA": {
					"rotation": [0, 41, 0]
				},
				"bone122": {
					"position": [0, 1, -1.2]
				},
				"bone58": {
					"rotation": [165.47701, 20.52698, -20.60658],
					"position": [-0.6, 0, 0.4]
				},
				"small_oversleeve": {
					"scale": [0, 0, 1]
				},
				"LLA": {
					"rotation": [0, 9, 0]
				},
				"lagre_oversleeve": {
					"scale": [1, 0, 0]
				},
				"left_bra": {
					"scale": [0, 1, 0]
				},
				"right_bra": {
					"position": [12, 0, 0],
					"scale": [0, 1, 0]
				},
				"bone38": {
					"position": [4, 18.3, -8]
				},
				"dangua": {
					"position": [17, 2.7, 0],
					"scale": [0, 0, 1]
				},
				"bone129": {
					"position": [4, 18.2, -8.3]
				},
				"leftsmall_raggged_SS": {
					"position": [0, 0.1, 0]
				},
				"bone163": {
					"position": {
						"0.0": [0, 0, 0],
						"15.2": [-12, 0, 0]
					},
					"scale": {
						"0.0": [1, 1, 1],
						"15.2": [0, 1, 0]
					}
				}
			}
		},
		"animation.ate_sheilr.movement": {
			"loop": true,
			"animation_length": 1,
			"bones": {
				"RightLeg": {
					"rotation": {
						"0.0": [22.49507, 0.07303, -0.02898],
						"0.0833": [21.52366, 0.09837, -0.37898],
						"0.1667": [10.03151, 0.32823, 0.39053],
						"0.25": [3.97397, 0.59048, 0.67433],
						"0.3333": [-9.98673, 0.90794, 0.56815],
						"0.4167": [-25.77437, -0.93312, -0.71637],
						"0.5": [-27.47911, -1.05627, -1.26603],
						"0.5833": [-26.18492, -0.76592, -1.66156],
						"0.6667": [-14.15436, -0.73097, -0.31245],
						"0.75": [-5.88559, -0.59835, -0.09125],
						"0.8333": [8.00334, -0.4226, 0.09368],
						"0.9167": [21.39564, 0.01573, 0.13322],
						"1.0": [22.49507, 0.07303, -0.02898]
					},
					"position": {
						"0.0": [0, 0, -1],
						"0.25": [0, 0, 0.1],
						"0.3333": [0, 0, 0.4],
						"0.4167": [0, 0, 1.25],